SubjID	OriobjNo	PicName	PairNo	RotateAng	FaceNo	LureFace	RunNo	genRanNo	AllTrialNo	Foil1	Foil2	key	RT	facechoice
17	10	obj07.jpg	10	312	face25.jpg	face02.jpg	1	24	1	face12.jpg	face14.jpg	NaN	NaN	NaN
17	8	obj14.jpg	8	264	face01.jpg	face28.jpg	1	27	2	face02.jpg	face27.jpg	3	3090.02217836678	1
17	3	obj04.jpg	3	144	face21.jpg	face15.jpg	1	35	3	face05.jpg	face03.jpg	3	1812.28674203157	1
17	8	obj14.jpg	7	240	face28.jpg	face01.jpg	1	53	4	face04.jpg	face23.jpg	2	1443.55474412441	1
17	9	obj13.jpg	9	288	face19.jpg	face13.jpg	1	59	5	face28.jpg	face20.jpg	1	1249.75061789155	2
17	14	obj02.jpg	14	48	face17.jpg	face04.jpg	1	72	6	face07.jpg	face24.jpg	3	1375.79141370952	1
17	11	obj06.jpg	12	360	face07.jpg	face10.jpg	1	85	7	face22.jpg	face09.jpg	1	1338.74537423253	3
17	13	obj05.jpg	14	48	face09.jpg	face11.jpg	1	93	8	face10.jpg	face12.jpg	2	1589.434530586	1
17	6	obj11.jpg	5	192	face22.jpg	face16.jpg	1	112	9	face18.jpg	face17.jpg	4	1918.65047067404	2
17	3	obj04.jpg	4	168	face15.jpg	face21.jpg	1	120	10	face09.jpg	face08.jpg	4	1833.44214782119	2
17	4	obj12.jpg	3	144	face18.jpg	face20.jpg	1	145	11	face14.jpg	face15.jpg	3	1439.86691907048	2
17	9	obj13.jpg	10	312	face13.jpg	face19.jpg	1	166	12	face08.jpg	face26.jpg	3	1110.50933972001	1
17	12	obj01.jpg	12	360	face03.jpg	face23.jpg	1	177	13	face26.jpg	face05.jpg	1	1203.14186438918	2
17	14	obj02.jpg	13	24	face04.jpg	face17.jpg	1	210	14	face25.jpg	face16.jpg	1	1796.98324203491	1
17	5	obj03.jpg	6	216	face14.jpg	face27.jpg	1	231	15	face19.jpg	face22.jpg	3	1781.23846463859	2
17	2	obj10.jpg	2	120	face24.jpg	face05.jpg	1	246	16	face23.jpg	face19.jpg	1	1934.22429636121	2
17	7	obj08.jpg	7	240	face26.jpg	face12.jpg	1	266	17	face17.jpg	face01.jpg	2	1855.85696808994	2
17	1	obj09.jpg	1	96	face06.jpg	face08.jpg	1	280	18	face24.jpg	face11.jpg	3	2694.67327930033	4
17	10	obj07.jpg	9	288	face02.jpg	face25.jpg	1	281	19	face01.jpg	face06.jpg	2	2153.82211282849	4
17	2	obj10.jpg	1	96	face05.jpg	face24.jpg	1	299	20	face06.jpg	face28.jpg	4	2219.35981139541	1
17	1	obj09.jpg	2	120	face08.jpg	face06.jpg	1	313	21	face20.jpg	face21.jpg	1	1947.11601734161	4
17	12	obj01.jpg	11	336	face23.jpg	face03.jpg	1	324	22	face13.jpg	face07.jpg	4	1923.92911203206	1
17	6	obj11.jpg	6	216	face16.jpg	face22.jpg	1	328	23	face15.jpg	face04.jpg	4	2167.39293560386	1
17	4	obj12.jpg	4	168	face20.jpg	face18.jpg	1	338	24	face16.jpg	face02.jpg	3	2215.73517285287	1
17	11	obj06.jpg	11	336	face10.jpg	face07.jpg	1	340	25	face03.jpg	face13.jpg	1	1638.76555860043	3
17	13	obj05.jpg	13	24	face11.jpg	face09.jpg	1	346	26	face21.jpg	face25.jpg	3	2364.56457525492	1
17	5	obj03.jpg	5	192	face27.jpg	face14.jpg	1	364	27	face11.jpg	face18.jpg	3	1654.1074514389	1
17	7	obj08.jpg	8	264	face12.jpg	face26.jpg	1	374	28	face27.jpg	face10.jpg	4	2252.28900276124	1
17	9	obj13.jpg	9	288	face19.jpg	face13.jpg	2	10	29	face23.jpg	face01.jpg	1	1694.07456368208	1
17	1	obj09.jpg	1	96	face06.jpg	face08.jpg	2	11	30	face02.jpg	face09.jpg	2	2010.50721108913	2
17	13	obj05.jpg	13	24	face11.jpg	face09.jpg	2	18	31	face17.jpg	face27.jpg	3	1762.21005246043	2
17	2	obj10.jpg	1	96	face05.jpg	face24.jpg	2	20	32	face12.jpg	face14.jpg	1	2036.27123683691	2
17	4	obj12.jpg	3	144	face18.jpg	face20.jpg	2	23	33	face16.jpg	face06.jpg	1	1802.96107754111	2
17	10	obj07.jpg	10	312	face25.jpg	face02.jpg	2	26	34	face06.jpg	face05.jpg	3	1578.34205403924	2
17	10	obj07.jpg	9	288	face02.jpg	face25.jpg	2	29	35	face08.jpg	face19.jpg	3	1196.22744806111	1
17	5	obj03.jpg	6	216	face14.jpg	face27.jpg	2	39	36	face21.jpg	face03.jpg	2	1492.96491406858	2
17	2	obj10.jpg	2	120	face24.jpg	face05.jpg	2	62	37	face07.jpg	face08.jpg	1	1585.19011549652	1
17	14	obj02.jpg	13	24	face04.jpg	face17.jpg	2	80	38	face25.jpg	face13.jpg	2	2155.27407452464	1
17	9	obj13.jpg	10	312	face13.jpg	face19.jpg	2	87	39	face18.jpg	face24.jpg	4	1411.2075958401	1
17	12	obj01.jpg	12	360	face03.jpg	face23.jpg	2	97	40	face14.jpg	face15.jpg	1	1644.45476606488	1
17	7	obj08.jpg	7	240	face26.jpg	face12.jpg	2	109	41	face22.jpg	face23.jpg	3	2258.93690437078	1
17	6	obj11.jpg	5	192	face22.jpg	face16.jpg	2	110	42	face26.jpg	face04.jpg	1	1424.94062148035	1
17	3	obj04.jpg	4	168	face15.jpg	face21.jpg	2	114	43	face04.jpg	face28.jpg	2	2215.94668366015	2
17	12	obj01.jpg	11	336	face23.jpg	face03.jpg	2	119	44	face20.jpg	face17.jpg	3	2279.66866269708	3
17	13	obj05.jpg	14	48	face09.jpg	face11.jpg	2	132	45	face13.jpg	face16.jpg	3	1835.47502197325	2
17	11	obj06.jpg	11	336	face10.jpg	face07.jpg	2	135	46	face03.jpg	face18.jpg	4	2187.06301040947	1
17	1	obj09.jpg	2	120	face08.jpg	face06.jpg	2	215	47	face05.jpg	face20.jpg	1	1963.4266179055	2
17	7	obj08.jpg	8	264	face12.jpg	face26.jpg	2	252	48	face28.jpg	face10.jpg	3	2068.18675622344	4
17	8	obj14.jpg	7	240	face28.jpg	face01.jpg	2	259	49	face27.jpg	face02.jpg	3	1353.7588045001	1
17	11	obj06.jpg	12	360	face07.jpg	face10.jpg	2	288	50	face11.jpg	face26.jpg	4	1883.69928859174	1
17	14	obj02.jpg	14	48	face17.jpg	face04.jpg	2	327	51	face01.jpg	face25.jpg	4	1584.65025946498	1
17	6	obj11.jpg	6	216	face16.jpg	face22.jpg	2	341	52	face19.jpg	face11.jpg	2	1761.88355311751	1
17	3	obj04.jpg	3	144	face21.jpg	face15.jpg	2	345	53	face09.jpg	face22.jpg	1	1819.40838694572	1
17	4	obj12.jpg	4	168	face20.jpg	face18.jpg	2	348	54	face10.jpg	face21.jpg	1	1379.10134904087	1
17	8	obj14.jpg	8	264	face01.jpg	face28.jpg	2	349	55	face15.jpg	face12.jpg	4	1724.4134824723	1
17	5	obj03.jpg	5	192	face27.jpg	face14.jpg	2	366	56	face24.jpg	face07.jpg	2	1487.8049697727	1
17	3	obj04.jpg	3	144	face21.jpg	face15.jpg	3	33	57	face26.jpg	face24.jpg	1	1611.901614815	1
17	1	obj09.jpg	1	96	face06.jpg	face08.jpg	3	40	58	face22.jpg	face17.jpg	2	2005.19931130111	1
17	9	obj13.jpg	9	288	face19.jpg	face13.jpg	3	55	59	face14.jpg	face22.jpg	1	2124.30201470852	2
17	5	obj03.jpg	5	192	face27.jpg	face14.jpg	3	60	60	face12.jpg	face18.jpg	2	1438.86571191251	1
17	14	obj02.jpg	13	24	face04.jpg	face17.jpg	3	61	61	face16.jpg	face01.jpg	1	2070.49862667918	2
17	7	obj08.jpg	7	240	face26.jpg	face12.jpg	3	70	62	face19.jpg	face23.jpg	1	2155.53377382457	3
17	12	obj01.jpg	12	360	face03.jpg	face23.jpg	3	75	63	face17.jpg	face15.jpg	3	1876.385608688	1
17	6	obj11.jpg	6	216	face16.jpg	face22.jpg	3	86	64	face25.jpg	face11.jpg	3	2658.03206712008	1
17	5	obj03.jpg	6	216	face14.jpg	face27.jpg	3	101	65	face28.jpg	face19.jpg	2	2110.8820438385	2
17	6	obj11.jpg	5	192	face22.jpg	face16.jpg	3	103	66	face03.jpg	face28.jpg	2	1242.63669922948	1
17	11	obj06.jpg	12	360	face07.jpg	face10.jpg	3	122	67	face21.jpg	face06.jpg	1	2026.02623216808	1
17	10	obj07.jpg	10	312	face25.jpg	face02.jpg	3	123	68	face04.jpg	face21.jpg	4	2265.03786072135	1
17	14	obj02.jpg	14	48	face17.jpg	face04.jpg	3	133	69	face13.jpg	face09.jpg	3	1541.90156422555	1
17	4	obj12.jpg	3	144	face18.jpg	face20.jpg	3	134	70	face05.jpg	face13.jpg	3	1968.68441812694	1
17	13	obj05.jpg	14	48	face09.jpg	face11.jpg	3	136	71	face01.jpg	face02.jpg	3	1794.02464441955	1
17	2	obj10.jpg	2	120	face24.jpg	face05.jpg	3	143	72	face09.jpg	face10.jpg	3	1722.41892851889	1
17	12	obj01.jpg	11	336	face23.jpg	face03.jpg	3	155	73	face08.jpg	face12.jpg	1	1165.44478014112	1
17	3	obj04.jpg	4	168	face15.jpg	face21.jpg	3	156	74	face10.jpg	face16.jpg	2	1551.22812837362	3
17	9	obj13.jpg	10	312	face13.jpg	face19.jpg	3	168	75	face11.jpg	face05.jpg	4	1658.48083980381	1
17	13	obj05.jpg	13	24	face11.jpg	face09.jpg	3	208	76	face18.jpg	face25.jpg	3	2312.18207068741	4
17	11	obj06.jpg	11	336	face10.jpg	face07.jpg	3	209	77	face20.jpg	face03.jpg	1	1171.49187065661	1
17	8	obj14.jpg	8	264	face01.jpg	face28.jpg	3	230	78	face15.jpg	face08.jpg	1	1613.82972076535	1
17	10	obj07.jpg	9	288	face02.jpg	face25.jpg	3	253	79	face23.jpg	face04.jpg	3	1213.30443397164	1
17	8	obj14.jpg	7	240	face28.jpg	face01.jpg	3	272	80	face24.jpg	face07.jpg	1	853.3790782094	1
17	2	obj10.jpg	1	96	face05.jpg	face24.jpg	3	295	81	face07.jpg	face26.jpg	1	1523.87799136341	1
17	4	obj12.jpg	4	168	face20.jpg	face18.jpg	3	297	82	face06.jpg	face27.jpg	2	2343.1628420949	1
17	1	obj09.jpg	2	120	face08.jpg	face06.jpg	3	383	83	face27.jpg	face20.jpg	2	1394.00325156748	1
17	7	obj08.jpg	8	264	face12.jpg	face26.jpg	3	391	84	face02.jpg	face14.jpg	3	2058.9955765754	4
17	7	obj08.jpg	8	264	face12.jpg	face26.jpg	4	6	85	face21.jpg	face07.jpg	3	1687.19164654613	2
17	2	obj10.jpg	1	96	face05.jpg	face24.jpg	4	16	86	face12.jpg	face21.jpg	1	1570.76431810856	1
17	12	obj01.jpg	11	336	face23.jpg	face03.jpg	4	28	87	face05.jpg	face28.jpg	1	1668.81453990936	1
17	3	obj04.jpg	4	168	face15.jpg	face21.jpg	4	67	88	face22.jpg	face26.jpg	3	2075.01322776079	2
17	4	obj12.jpg	3	144	face18.jpg	face20.jpg	4	76	89	face02.jpg	face03.jpg	1	1591.54270589352	1
17	5	obj03.jpg	6	216	face14.jpg	face27.jpg	4	84	90	face04.jpg	face09.jpg	3	1504.14696335793	2
17	4	obj12.jpg	4	168	face20.jpg	face18.jpg	4	108	91	face01.jpg	face13.jpg	3	1460.10862477124	1
17	6	obj11.jpg	6	216	face16.jpg	face22.jpg	4	115	92	face20.jpg	face06.jpg	2	1882.40566663444	1
17	9	obj13.jpg	10	312	face13.jpg	face19.jpg	4	148	93	face27.jpg	face23.jpg	3	2047.57458716631	1
17	3	obj04.jpg	3	144	face21.jpg	face15.jpg	4	152	94	face24.jpg	face11.jpg	3	1845.92487290502	1
17	14	obj02.jpg	13	24	face04.jpg	face17.jpg	4	154	95	face07.jpg	face25.jpg	1	1884.31938365102	1
17	11	obj06.jpg	12	360	face07.jpg	face10.jpg	4	159	96	face23.jpg	face14.jpg	4	2176.34439095855	1
17	8	obj14.jpg	8	264	face01.jpg	face28.jpg	4	164	97	face10.jpg	face12.jpg	1	1272.95830100775	1
17	13	obj05.jpg	14	48	face09.jpg	face11.jpg	4	204	98	face13.jpg	face20.jpg	1	1758.18825140595	2
17	5	obj03.jpg	5	192	face27.jpg	face14.jpg	4	227	99	face17.jpg	face05.jpg	1	1185.64094416797	1
17	8	obj14.jpg	7	240	face28.jpg	face01.jpg	4	232	100	face25.jpg	face04.jpg	3	1050.96913687885	1
17	9	obj13.jpg	9	288	face19.jpg	face13.jpg	4	241	101	face03.jpg	face08.jpg	4	1808.60299244523	1
17	11	obj06.jpg	11	336	face10.jpg	face07.jpg	4	245	102	face19.jpg	face18.jpg	2	2936.94221042097	1
17	7	obj08.jpg	7	240	face26.jpg	face12.jpg	4	247	103	face11.jpg	face16.jpg	1	2217.97361969948	1
17	1	obj09.jpg	1	96	face06.jpg	face08.jpg	4	254	104	face26.jpg	face01.jpg	3	1825.41268132627	1
17	10	obj07.jpg	10	312	face25.jpg	face02.jpg	4	264	105	face09.jpg	face27.jpg	4	1912.02190890908	1
17	6	obj11.jpg	5	192	face22.jpg	face16.jpg	4	275	106	face28.jpg	face19.jpg	4	1827.96971686184	1
17	2	obj10.jpg	2	120	face24.jpg	face05.jpg	4	298	107	face16.jpg	face10.jpg	3	1370.99812179804	1
17	13	obj05.jpg	13	24	face11.jpg	face09.jpg	4	332	108	face06.jpg	face17.jpg	1	2333.15613120794	1
17	1	obj09.jpg	2	120	face08.jpg	face06.jpg	4	334	109	face18.jpg	face22.jpg	3	1504.09128516912	1
17	12	obj01.jpg	12	360	face03.jpg	face23.jpg	4	350	110	face15.jpg	face24.jpg	4	1979.42716255784	1
17	14	obj02.jpg	14	48	face17.jpg	face04.jpg	4	356	111	face08.jpg	face02.jpg	3	1468.7594845891	1
17	10	obj07.jpg	9	288	face02.jpg	face25.jpg	4	384	112	face14.jpg	face15.jpg	3	1202.77428068221	1
17	3	obj04.jpg	4	168	face15.jpg	face21.jpg	5	8	113	face06.jpg	face19.jpg	2	2196.63530215621	1
17	12	obj01.jpg	11	336	face23.jpg	face03.jpg	5	19	114	face01.jpg	face07.jpg	1	1428.00747230649	1
17	6	obj11.jpg	6	216	face16.jpg	face22.jpg	5	25	115	face04.jpg	face05.jpg	3	1476.18101909757	1
17	4	obj12.jpg	4	168	face20.jpg	face18.jpg	5	54	116	face17.jpg	face28.jpg	3	1769.89442296326	2
17	7	obj08.jpg	7	240	face26.jpg	face12.jpg	5	57	117	face22.jpg	face06.jpg	2	1546.03736661375	1
17	4	obj12.jpg	3	144	face18.jpg	face20.jpg	5	77	118	face05.jpg	face03.jpg	3	1742.64396540821	1
17	14	obj02.jpg	13	24	face04.jpg	face17.jpg	5	78	119	face24.jpg	face20.jpg	3	1911.76779381931	1
17	5	obj03.jpg	6	216	face14.jpg	face27.jpg	5	79	120	face09.jpg	face12.jpg	3	1203.27719673514	4
17	9	obj13.jpg	10	312	face13.jpg	face19.jpg	5	104	121	face28.jpg	face09.jpg	1	1219.60949338973	1
17	10	obj07.jpg	9	288	face02.jpg	face25.jpg	5	126	122	face12.jpg	face17.jpg	2	1260.21887175739	1
17	9	obj13.jpg	9	288	face19.jpg	face13.jpg	5	160	123	face10.jpg	face26.jpg	1	1203.47438380122	1
17	1	obj09.jpg	1	96	face06.jpg	face08.jpg	5	182	124	face16.jpg	face14.jpg	2	1443.4210807085	1
17	1	obj09.jpg	2	120	face08.jpg	face06.jpg	5	189	125	face13.jpg	face16.jpg	1	946.924025192857	1
17	6	obj11.jpg	5	192	face22.jpg	face16.jpg	5	193	126	face15.jpg	face27.jpg	3	1581.03406615555	1
17	8	obj14.jpg	7	240	face28.jpg	face01.jpg	5	196	127	face25.jpg	face18.jpg	1	838.347110897303	1
17	2	obj10.jpg	2	120	face24.jpg	face05.jpg	5	199	128	face20.jpg	face01.jpg	4	2414.1228236258	1
17	5	obj03.jpg	5	192	face27.jpg	face14.jpg	5	223	129	face02.jpg	face10.jpg	2	940.667051821947	1
17	13	obj05.jpg	13	24	face11.jpg	face09.jpg	5	228	130	face07.jpg	face02.jpg	3	1520.76788619161	1
17	3	obj04.jpg	3	144	face21.jpg	face15.jpg	5	255	131	face26.jpg	face22.jpg	2	2340.1837553829	1
17	12	obj01.jpg	12	360	face03.jpg	face23.jpg	5	260	132	face18.jpg	face04.jpg	1	1469.17557157576	2
17	13	obj05.jpg	14	48	face09.jpg	face11.jpg	5	274	133	face08.jpg	face13.jpg	2	1627.31132283807	1
17	11	obj06.jpg	11	336	face10.jpg	face07.jpg	5	286	134	face11.jpg	face21.jpg	2	1338.99019099772	2
17	2	obj10.jpg	1	96	face05.jpg	face24.jpg	5	303	135	face21.jpg	face08.jpg	4	1574.70985502005	1
17	14	obj02.jpg	14	48	face17.jpg	face04.jpg	5	308	136	face03.jpg	face11.jpg	1	1495.07861025631	4
17	7	obj08.jpg	8	264	face12.jpg	face26.jpg	5	314	137	face27.jpg	face23.jpg	3	1916.51379130781	2
17	11	obj06.jpg	12	360	face07.jpg	face10.jpg	5	353	138	face23.jpg	face25.jpg	1	2055.85204809904	3
17	10	obj07.jpg	10	312	face25.jpg	face02.jpg	5	372	139	face14.jpg	face24.jpg	1	1405.20699508488	1
17	8	obj14.jpg	8	264	face01.jpg	face28.jpg	5	381	140	face19.jpg	face15.jpg	4	1717.28404797614	1
17	7	obj08.jpg	7	240	face26.jpg	face12.jpg	6	5	141	face18.jpg	face16.jpg	2	1940.21111540496	1
17	6	obj11.jpg	6	216	face16.jpg	face22.jpg	6	36	142	face24.jpg	face25.jpg	2	2046.61536030471	1
17	14	obj02.jpg	14	48	face17.jpg	face04.jpg	6	52	143	face21.jpg	face26.jpg	4	1708.20405706763	2
17	9	obj13.jpg	9	288	face19.jpg	face13.jpg	6	58	144	face06.jpg	face14.jpg	1	960.181254893541	1
17	11	obj06.jpg	11	336	face10.jpg	face07.jpg	6	64	145	face05.jpg	face22.jpg	3	2523.26299995184	2
17	9	obj13.jpg	10	312	face13.jpg	face19.jpg	6	95	146	face03.jpg	face06.jpg	4	1517.30473712087	2
17	6	obj11.jpg	5	192	face22.jpg	face16.jpg	6	96	147	face26.jpg	face19.jpg	1	1320.95996849239	1
17	12	obj01.jpg	12	360	face03.jpg	face23.jpg	6	127	148	face17.jpg	face07.jpg	1	1764.79551941156	1
17	13	obj05.jpg	14	48	face09.jpg	face11.jpg	6	162	149	face28.jpg	face12.jpg	1	1375.08957460523	1
17	10	obj07.jpg	9	288	face02.jpg	face25.jpg	6	173	150	face13.jpg	face17.jpg	3	1440.32066874206	1
17	1	obj09.jpg	1	96	face06.jpg	face08.jpg	6	179	151	face25.jpg	face11.jpg	2	1663.44089247286	1
17	5	obj03.jpg	6	216	face14.jpg	face27.jpg	6	183	152	face12.jpg	face15.jpg	1	1811.88571825624	2
17	4	obj12.jpg	3	144	face18.jpg	face20.jpg	6	191	153	face08.jpg	face28.jpg	2	2060.86960807443	1
17	5	obj03.jpg	5	192	face27.jpg	face14.jpg	6	205	154	face02.jpg	face03.jpg	1	1010.20864211023	1
17	2	obj10.jpg	1	96	face05.jpg	face24.jpg	6	217	155	face11.jpg	face10.jpg	1	1515.03054797649	1
17	3	obj04.jpg	4	168	face15.jpg	face21.jpg	6	224	156	face16.jpg	face20.jpg	2	1399.1441950202	1
17	3	obj04.jpg	3	144	face21.jpg	face15.jpg	6	267	157	face07.jpg	face23.jpg	4	1631.1376132071	1
17	11	obj06.jpg	12	360	face07.jpg	face10.jpg	6	270	158	face04.jpg	face24.jpg	2	1838.38824741542	1
17	10	obj07.jpg	10	312	face25.jpg	face02.jpg	6	271	159	face22.jpg	face01.jpg	4	1660.79287603498	1
17	7	obj08.jpg	8	264	face12.jpg	face26.jpg	6	285	160	face15.jpg	face04.jpg	2	2034.94821488857	4
17	2	obj10.jpg	2	120	face24.jpg	face05.jpg	6	326	161	face20.jpg	face27.jpg	1	1416.92496277392	1
17	13	obj05.jpg	13	24	face11.jpg	face09.jpg	6	329	162	face23.jpg	face05.jpg	4	1832.87470601499	1
17	8	obj14.jpg	7	240	face28.jpg	face01.jpg	6	333	163	face19.jpg	face08.jpg	1	855.33581674099	1
17	8	obj14.jpg	8	264	face01.jpg	face28.jpg	6	335	164	face14.jpg	face02.jpg	3	1197.67601415515	1
17	1	obj09.jpg	2	120	face08.jpg	face06.jpg	6	336	165	face09.jpg	face18.jpg	3	1591.26992337406	1
17	4	obj12.jpg	4	168	face20.jpg	face18.jpg	6	343	166	face27.jpg	face13.jpg	3	1728.07797603309	1
17	14	obj02.jpg	13	24	face04.jpg	face17.jpg	6	357	167	face01.jpg	face09.jpg	2	2579.76176589727	1
17	12	obj01.jpg	11	336	face23.jpg	face03.jpg	6	359	168	face10.jpg	face21.jpg	3	2012.23029382527	1
17	3	obj04.jpg	4	168	face15.jpg	face21.jpg	7	7	169	face11.jpg	face07.jpg	4	1540.00399820507	1
17	7	obj08.jpg	7	240	face26.jpg	face12.jpg	7	9	170	face10.jpg	face13.jpg	1	1750.16950257123	1
17	5	obj03.jpg	5	192	face27.jpg	face14.jpg	7	15	171	face28.jpg	face06.jpg	1	896.468130871654	1
17	4	obj12.jpg	3	144	face18.jpg	face20.jpg	7	17	172	face27.jpg	face08.jpg	2	1748.99601750076	1
17	6	obj11.jpg	6	216	face16.jpg	face22.jpg	7	41	173	face05.jpg	face10.jpg	3	1750.47258101404	1
17	2	obj10.jpg	2	120	face24.jpg	face05.jpg	7	44	174	face14.jpg	face23.jpg	4	2144.20594461262	1
17	10	obj07.jpg	9	288	face02.jpg	face25.jpg	7	45	175	face03.jpg	face17.jpg	4	1811.58244796097	1
17	5	obj03.jpg	6	216	face14.jpg	face27.jpg	7	92	176	face12.jpg	face15.jpg	1	1339.24701996148	1
17	4	obj12.jpg	4	168	face20.jpg	face18.jpg	7	107	177	face04.jpg	face21.jpg	1	1070.72860375047	1
17	14	obj02.jpg	13	24	face04.jpg	face17.jpg	7	118	178	face24.jpg	face14.jpg	4	1940.2226973325	1
17	11	obj06.jpg	11	336	face10.jpg	face07.jpg	7	167	179	face01.jpg	face05.jpg	1	1591.61549247801	1
17	2	obj10.jpg	1	96	face05.jpg	face24.jpg	7	172	180	face26.jpg	face25.jpg	2	1432.53867141902	1
17	7	obj08.jpg	8	264	face12.jpg	face26.jpg	7	206	181	face13.jpg	face02.jpg	4	1847.192408517	1
17	8	obj14.jpg	7	240	face28.jpg	face01.jpg	7	218	182	face02.jpg	face03.jpg	1	892.995800822973	1
17	1	obj09.jpg	2	120	face08.jpg	face06.jpg	7	226	183	face17.jpg	face09.jpg	2	1810.28643622994	1
17	12	obj01.jpg	12	360	face03.jpg	face23.jpg	7	239	184	face22.jpg	face11.jpg	2	1626.8264669925	1
17	3	obj04.jpg	3	144	face21.jpg	face15.jpg	7	243	185	face08.jpg	face27.jpg	2	1434.11194346845	1
17	13	obj05.jpg	13	24	face11.jpg	face09.jpg	7	256	186	face15.jpg	face22.jpg	1	1177.62614041567	1
17	14	obj02.jpg	14	48	face17.jpg	face04.jpg	7	262	187	face18.jpg	face26.jpg	1	1690.76775200665	1
17	13	obj05.jpg	14	48	face09.jpg	face11.jpg	7	283	188	face21.jpg	face12.jpg	2	1327.42394693196	1
17	1	obj09.jpg	1	96	face06.jpg	face08.jpg	7	321	189	face23.jpg	face24.jpg	1	1123.23968857527	1
17	6	obj11.jpg	5	192	face22.jpg	face16.jpg	7	330	190	face20.jpg	face04.jpg	1	1104.55847531557	1
17	12	obj01.jpg	11	336	face23.jpg	face03.jpg	7	331	191	face07.jpg	face16.jpg	2	1732.75431059301	4
17	9	obj13.jpg	9	288	face19.jpg	face13.jpg	7	344	192	face06.jpg	face01.jpg	4	1655.63619881868	1
17	10	obj07.jpg	10	312	face25.jpg	face02.jpg	7	363	193	face09.jpg	face19.jpg	2	1301.18915066123	1
17	9	obj13.jpg	10	312	face13.jpg	face19.jpg	7	368	194	face16.jpg	face20.jpg	4	2241.4377592504	1
17	11	obj06.jpg	12	360	face07.jpg	face10.jpg	7	370	195	face19.jpg	face28.jpg	4	1640.29284752905	1
17	8	obj14.jpg	8	264	face01.jpg	face28.jpg	7	379	196	face25.jpg	face18.jpg	1	1223.25647994876	1
17	4	obj12.jpg	4	168	face20.jpg	face18.jpg	8	1	197	face09.jpg	face22.jpg	4	1873.70779551566	1
17	9	obj13.jpg	9	288	face19.jpg	face13.jpg	8	12	198	face21.jpg	face10.jpg	4	1694.76931542158	1
17	5	obj03.jpg	6	216	face14.jpg	face27.jpg	8	14	199	face24.jpg	face07.jpg	1	1044.83751580119	2
17	10	obj07.jpg	9	288	face02.jpg	face25.jpg	8	38	200	face17.jpg	face08.jpg	4	1643.00936833024	1
17	8	obj14.jpg	7	240	face28.jpg	face01.jpg	8	66	201	face23.jpg	face18.jpg	2	985.641261562705	1
17	7	obj08.jpg	7	240	face26.jpg	face12.jpg	8	68	202	face18.jpg	face09.jpg	1	1548.29625412822	1
17	8	obj14.jpg	8	264	face01.jpg	face28.jpg	8	73	203	face16.jpg	face05.jpg	2	1230.39286397398	1
17	2	obj10.jpg	2	120	face24.jpg	face05.jpg	8	83	204	face04.jpg	face13.jpg	4	2229.82322238386	2
17	10	obj07.jpg	10	312	face25.jpg	face02.jpg	8	90	205	face19.jpg	face06.jpg	4	1628.20470519364	1
17	14	obj02.jpg	13	24	face04.jpg	face17.jpg	8	146	206	face11.jpg	face12.jpg	3	1732.03157819808	1
17	5	obj03.jpg	5	192	face27.jpg	face14.jpg	8	147	207	face07.jpg	face21.jpg	1	1022.20927365124	1
17	12	obj01.jpg	12	360	face03.jpg	face23.jpg	8	174	208	face13.jpg	face16.jpg	4	1959.01818573475	1
17	14	obj02.jpg	14	48	face17.jpg	face04.jpg	8	197	209	face12.jpg	face27.jpg	4	1655.71222454309	1
17	6	obj11.jpg	5	192	face22.jpg	face16.jpg	8	207	210	face27.jpg	face03.jpg	2	1294.48897577822	1
17	7	obj08.jpg	8	264	face12.jpg	face26.jpg	8	213	211	face01.jpg	face04.jpg	1	1155.98150901496	1
17	12	obj01.jpg	11	336	face23.jpg	face03.jpg	8	219	212	face05.jpg	face02.jpg	4	1933.67643468082	1
17	11	obj06.jpg	12	360	face07.jpg	face10.jpg	8	225	213	face03.jpg	face20.jpg	3	1712.01126091182	2
17	6	obj11.jpg	6	216	face16.jpg	face22.jpg	8	258	214	face06.jpg	face11.jpg	2	1605.08946143091	1
17	11	obj06.jpg	11	336	face10.jpg	face07.jpg	8	263	215	face26.jpg	face14.jpg	3	1900.61748027802	1
17	13	obj05.jpg	13	24	face11.jpg	face09.jpg	8	265	216	face28.jpg	face15.jpg	1	1625.25732256472	1
17	2	obj10.jpg	1	96	face05.jpg	face24.jpg	8	284	217	face25.jpg	face28.jpg	3	1728.34495082498	1
17	1	obj09.jpg	2	120	face08.jpg	face06.jpg	8	293	218	face22.jpg	face01.jpg	3	1716.64192341268	1
17	3	obj04.jpg	4	168	face15.jpg	face21.jpg	8	309	219	face02.jpg	face23.jpg	1	1183.61982516944	1
17	3	obj04.jpg	3	144	face21.jpg	face15.jpg	8	325	220	face08.jpg	face26.jpg	2	1257.13055953383	1
17	4	obj12.jpg	3	144	face18.jpg	face20.jpg	8	347	221	face15.jpg	face17.jpg	2	1558.92474763095	1
17	9	obj13.jpg	10	312	face13.jpg	face19.jpg	8	375	222	face20.jpg	face24.jpg	2	1529.29551154375	1
17	1	obj09.jpg	1	96	face06.jpg	face08.jpg	8	376	223	face10.jpg	face25.jpg	2	1756.94017671049	1
17	13	obj05.jpg	14	48	face09.jpg	face11.jpg	8	385	224	face14.jpg	face19.jpg	4	1918.37454028428	1
17	4	obj12.jpg	4	168	face20.jpg	face18.jpg	9	2	225	face06.jpg	face22.jpg	3	2150.54257959127	2
17	12	obj01.jpg	12	360	face03.jpg	face23.jpg	9	4	226	face20.jpg	face13.jpg	3	2175.61803758144	1
17	8	obj14.jpg	7	240	face28.jpg	face01.jpg	9	22	227	face03.jpg	face07.jpg	3	1215.86532332003	1
17	12	obj01.jpg	11	336	face23.jpg	face03.jpg	9	37	228	face12.jpg	face28.jpg	2	1472.64673560858	1
17	1	obj09.jpg	2	120	face08.jpg	face06.jpg	9	65	229	face26.jpg	face21.jpg	1	1294.47644017637	2
17	1	obj09.jpg	1	96	face06.jpg	face08.jpg	9	81	230	face22.jpg	face25.jpg	1	1146.82385139167	1
17	5	obj03.jpg	5	192	face27.jpg	face14.jpg	9	128	231	face10.jpg	face20.jpg	3	1550.5380500108	1
17	9	obj13.jpg	10	312	face13.jpg	face19.jpg	9	142	232	face24.jpg	face04.jpg	2	1336.32053993642	1
17	4	obj12.jpg	3	144	face18.jpg	face20.jpg	9	165	233	face17.jpg	face02.jpg	4	1954.84985597432	1
17	11	obj06.jpg	11	336	face10.jpg	face07.jpg	9	169	234	face14.jpg	face24.jpg	3	2037.10051625967	1
17	2	obj10.jpg	1	96	face05.jpg	face24.jpg	9	178	235	face04.jpg	face09.jpg	4	1916.36363975704	1
17	6	obj11.jpg	6	216	face16.jpg	face22.jpg	9	188	236	face02.jpg	face27.jpg	3	1661.83865070343	1
17	7	obj08.jpg	8	264	face12.jpg	face26.jpg	9	190	237	face28.jpg	face05.jpg	1	1036.84908337891	1
17	8	obj14.jpg	8	264	face01.jpg	face28.jpg	9	214	238	face16.jpg	face23.jpg	2	1132.55432061851	1
17	10	obj07.jpg	10	312	face25.jpg	face02.jpg	9	233	239	face07.jpg	face01.jpg	1	1463.88479694724	1
17	13	obj05.jpg	14	48	face09.jpg	face11.jpg	9	235	240	face13.jpg	face26.jpg	2	1421.92137055099	1
17	14	obj02.jpg	14	48	face17.jpg	face04.jpg	9	257	241	face27.jpg	face10.jpg	1	1156.86328522861	1
17	10	obj07.jpg	9	288	face02.jpg	face25.jpg	9	276	242	face11.jpg	face14.jpg	2	960.108062252402	1
17	9	obj13.jpg	9	288	face19.jpg	face13.jpg	9	306	243	face01.jpg	face17.jpg	3	1482.4142139405	1
17	3	obj04.jpg	3	144	face21.jpg	face15.jpg	9	311	244	face19.jpg	face08.jpg	1	1943.97735223174	1
17	14	obj02.jpg	13	24	face04.jpg	face17.jpg	9	320	245	face05.jpg	face11.jpg	2	1346.50885872543	1
17	3	obj04.jpg	4	168	face15.jpg	face21.jpg	9	342	246	face25.jpg	face16.jpg	4	1365.3299510479	1
17	13	obj05.jpg	13	24	face11.jpg	face09.jpg	9	360	247	face08.jpg	face15.jpg	3	1926.27030611038	1
17	11	obj06.jpg	12	360	face07.jpg	face10.jpg	9	377	248	face18.jpg	face12.jpg	1	1217.64911524951	1
17	7	obj08.jpg	7	240	face26.jpg	face12.jpg	9	382	249	face23.jpg	face19.jpg	4	1744.29866112769	1
17	2	obj10.jpg	2	120	face24.jpg	face05.jpg	9	388	250	face09.jpg	face06.jpg	1	1259.40840318799	1
17	6	obj11.jpg	5	192	face22.jpg	face16.jpg	9	390	251	face15.jpg	face03.jpg	3	1387.10763305426	1
17	5	obj03.jpg	6	216	face14.jpg	face27.jpg	9	392	252	face21.jpg	face18.jpg	3	1732.25050792098	1
17	10	obj07.jpg	9	288	face02.jpg	face25.jpg	10	56	253	face23.jpg	face10.jpg	4	1961.59643679857	1
17	10	obj07.jpg	10	312	face25.jpg	face02.jpg	10	69	254	face12.jpg	face24.jpg	3	1346.44911624491	1
17	4	obj12.jpg	4	168	face20.jpg	face18.jpg	10	74	255	face07.jpg	face26.jpg	3	2397.23455905914	1
17	14	obj02.jpg	14	48	face17.jpg	face04.jpg	10	116	256	face16.jpg	face21.jpg	4	1643.58462952077	1
17	7	obj08.jpg	8	264	face12.jpg	face26.jpg	10	117	257	face08.jpg	face02.jpg	1	1394.62954737246	1
17	9	obj13.jpg	10	312	face13.jpg	face19.jpg	10	121	258	face05.jpg	face07.jpg	3	1244.11495216191	1
17	9	obj13.jpg	9	288	face19.jpg	face13.jpg	10	139	259	face21.jpg	face18.jpg	2	1316.18506275117	1
17	14	obj02.jpg	13	24	face04.jpg	face17.jpg	10	144	260	face15.jpg	face28.jpg	2	1374.91214834154	1
17	7	obj08.jpg	7	240	face26.jpg	face12.jpg	10	150	261	face09.jpg	face27.jpg	3	1864.58794027567	1
17	13	obj05.jpg	13	24	face11.jpg	face09.jpg	10	151	262	face18.jpg	face01.jpg	3	1510.14285162091	1
17	2	obj10.jpg	1	96	face05.jpg	face24.jpg	10	163	263	face10.jpg	face14.jpg	2	1610.28743907809	1
17	12	obj01.jpg	12	360	face03.jpg	face23.jpg	10	200	264	face19.jpg	face09.jpg	4	2754.56538796425	1
17	1	obj09.jpg	2	120	face08.jpg	face06.jpg	10	201	265	face11.jpg	face04.jpg	1	1148.33968505263	1
17	4	obj12.jpg	3	144	face18.jpg	face20.jpg	10	234	266	face26.jpg	face13.jpg	3	1669.19982805848	1
17	6	obj11.jpg	5	192	face22.jpg	face16.jpg	10	248	267	face13.jpg	face15.jpg	4	1763.00233229995	1
17	5	obj03.jpg	6	216	face14.jpg	face27.jpg	10	249	268	face20.jpg	face22.jpg	2	1461.26317232847	1
17	6	obj11.jpg	6	216	face16.jpg	face22.jpg	10	251	269	face27.jpg	face08.jpg	1	1348.2941519469	1
17	2	obj10.jpg	2	120	face24.jpg	face05.jpg	10	268	270	face04.jpg	face06.jpg	3	2157.99528732896	2
17	1	obj09.jpg	1	96	face06.jpg	face08.jpg	10	277	271	face22.jpg	face20.jpg	2	2231.58501833677	1
17	13	obj05.jpg	14	48	face09.jpg	face11.jpg	10	290	272	face24.jpg	face17.jpg	2	1517.31616072357	1
17	3	obj04.jpg	4	168	face15.jpg	face21.jpg	10	294	273	face25.jpg	face16.jpg	3	1665.13204015791	1
17	3	obj04.jpg	3	144	face21.jpg	face15.jpg	10	302	274	face03.jpg	face05.jpg	4	2374.43872354925	1
17	11	obj06.jpg	12	360	face07.jpg	face10.jpg	10	307	275	face06.jpg	face19.jpg	4	2255.28501160443	1
17	5	obj03.jpg	5	192	face27.jpg	face14.jpg	10	310	276	face28.jpg	face25.jpg	4	1261.85109838843	1
17	8	obj14.jpg	7	240	face28.jpg	face01.jpg	10	322	277	face17.jpg	face23.jpg	1	1163.41091878712	1
17	11	obj06.jpg	11	336	face10.jpg	face07.jpg	10	358	278	face14.jpg	face11.jpg	3	1981.71590082347	1
17	8	obj14.jpg	8	264	face01.jpg	face28.jpg	10	367	279	face02.jpg	face03.jpg	2	1213.89076672494	1
17	12	obj01.jpg	11	336	face23.jpg	face03.jpg	10	380	280	face01.jpg	face12.jpg	3	1918.50837133825	1
17	2	obj10.jpg	1	96	face05.jpg	face24.jpg	11	21	281	face02.jpg	face10.jpg	3	2150.20868740976	1
17	8	obj14.jpg	8	264	face01.jpg	face28.jpg	11	31	282	face26.jpg	face06.jpg	1	1055.19271269441	1
17	3	obj04.jpg	4	168	face15.jpg	face21.jpg	11	32	283	face28.jpg	face18.jpg	4	2334.80424247682	1
17	12	obj01.jpg	12	360	face03.jpg	face23.jpg	11	43	284	face08.jpg	face20.jpg	2	1919.70490850508	1
17	1	obj09.jpg	1	96	face06.jpg	face08.jpg	11	46	285	face05.jpg	face13.jpg	1	1020.68566530943	1
17	4	obj12.jpg	4	168	face20.jpg	face18.jpg	11	89	286	face13.jpg	face22.jpg	3	1548.48250001669	1
17	13	obj05.jpg	14	48	face09.jpg	face11.jpg	11	125	287	face23.jpg	face12.jpg	1	1325.67967288196	1
17	11	obj06.jpg	12	360	face07.jpg	face10.jpg	11	129	288	face24.jpg	face09.jpg	4	1617.39371716976	1
17	6	obj11.jpg	6	216	face16.jpg	face22.jpg	11	131	289	face07.jpg	face28.jpg	2	1641.675978899	1
17	2	obj10.jpg	2	120	face24.jpg	face05.jpg	11	140	290	face09.jpg	face04.jpg	3	1608.59704203904	1
17	9	obj13.jpg	10	312	face13.jpg	face19.jpg	11	149	291	face15.jpg	face16.jpg	1	1144.76149715483	1
17	13	obj05.jpg	13	24	face11.jpg	face09.jpg	11	153	292	face12.jpg	face08.jpg	1	1156.45632334054	1
17	14	obj02.jpg	14	48	face17.jpg	face04.jpg	11	176	293	face22.jpg	face15.jpg	4	1549.78228732944	1
17	6	obj11.jpg	5	192	face22.jpg	face16.jpg	11	181	294	face25.jpg	face11.jpg	2	1192.77738593519	1
17	5	obj03.jpg	5	192	face27.jpg	face14.jpg	11	187	295	face10.jpg	face25.jpg	2	1154.14268895984	1
17	10	obj07.jpg	9	288	face02.jpg	face25.jpg	11	194	296	face27.jpg	face23.jpg	2	1547.53646254539	1
17	4	obj12.jpg	3	144	face18.jpg	face20.jpg	11	216	297	face01.jpg	face24.jpg	3	1735.12624017894	1
17	7	obj08.jpg	8	264	face12.jpg	face26.jpg	11	220	298	face06.jpg	face01.jpg	2	1569.11886669695	1
17	8	obj14.jpg	7	240	face28.jpg	face01.jpg	11	221	299	face19.jpg	face21.jpg	4	1642.93115027249	1
17	10	obj07.jpg	10	312	face25.jpg	face02.jpg	11	237	300	face20.jpg	face14.jpg	2	1201.21623203158	1
17	9	obj13.jpg	9	288	face19.jpg	face13.jpg	11	279	301	face17.jpg	face26.jpg	1	1033.82186219096	1
17	14	obj02.jpg	13	24	face04.jpg	face17.jpg	11	282	302	face16.jpg	face02.jpg	4	1602.78072580695	1
17	7	obj08.jpg	7	240	face26.jpg	face12.jpg	11	296	303	face11.jpg	face27.jpg	3	1970.17652355134	1
17	12	obj01.jpg	11	336	face23.jpg	face03.jpg	11	351	304	face14.jpg	face17.jpg	4	1891.83160848916	1
17	3	obj04.jpg	3	144	face21.jpg	face15.jpg	11	354	305	face18.jpg	face07.jpg	4	1727.70705260336	1
17	11	obj06.jpg	11	336	face10.jpg	face07.jpg	11	362	306	face03.jpg	face19.jpg	2	1427.06113122404	1
17	1	obj09.jpg	2	120	face08.jpg	face06.jpg	11	387	307	face04.jpg	face03.jpg	1	1074.53995943069	1
17	5	obj03.jpg	6	216	face14.jpg	face27.jpg	11	389	308	face21.jpg	face05.jpg	1	1801.40491388738	1
17	6	obj11.jpg	5	192	face22.jpg	face16.jpg	12	51	309	face02.jpg	face03.jpg	2	2783.0803617835	1
17	14	obj02.jpg	14	48	face17.jpg	face04.jpg	12	71	310	face03.jpg	face07.jpg	3	1653.0553419143	1
17	7	obj08.jpg	7	240	face26.jpg	face12.jpg	12	82	311	face10.jpg	face02.jpg	1	2684.04763191938	1
17	5	obj03.jpg	6	216	face14.jpg	face27.jpg	12	94	312	face15.jpg	face20.jpg	4	1967.35479496419	1
17	9	obj13.jpg	10	312	face13.jpg	face19.jpg	12	99	313	face17.jpg	face09.jpg	3	2072.49604351819	1
17	7	obj08.jpg	8	264	face12.jpg	face26.jpg	12	106	314	face25.jpg	face05.jpg	3	1901.72014944255	1
17	8	obj14.jpg	7	240	face28.jpg	face01.jpg	12	111	315	face07.jpg	face08.jpg	4	1121.45684100688	1
17	3	obj04.jpg	4	168	face15.jpg	face21.jpg	12	124	316	face09.jpg	face04.jpg	3	1766.29984006286	1
17	11	obj06.jpg	11	336	face10.jpg	face07.jpg	12	141	317	face06.jpg	face15.jpg	3	2423.51792939007	1
17	5	obj03.jpg	5	192	face27.jpg	face14.jpg	12	170	318	face16.jpg	face25.jpg	1	933.631671592593	1
17	14	obj02.jpg	13	24	face04.jpg	face17.jpg	12	185	319	face05.jpg	face21.jpg	1	1193.36954131722	1
17	4	obj12.jpg	3	144	face18.jpg	face20.jpg	12	202	320	face23.jpg	face24.jpg	3	1690.22255949676	1
17	2	obj10.jpg	2	120	face24.jpg	face05.jpg	12	212	321	face27.jpg	face13.jpg	1	1327.51494087279	1
17	1	obj09.jpg	2	120	face08.jpg	face06.jpg	12	222	322	face20.jpg	face19.jpg	1	962.974416092038	1
17	10	obj07.jpg	9	288	face02.jpg	face25.jpg	12	229	323	face18.jpg	face14.jpg	2	1213.23232725263	1
17	3	obj04.jpg	3	144	face21.jpg	face15.jpg	12	240	324	face04.jpg	face06.jpg	1	2876.7506480217	1
17	12	obj01.jpg	12	360	face03.jpg	face23.jpg	12	244	325	face26.jpg	face18.jpg	2	1560.55681966245	1
17	12	obj01.jpg	11	336	face23.jpg	face03.jpg	12	250	326	face13.jpg	face22.jpg	3	1690.73434360325	1
17	4	obj12.jpg	4	168	face20.jpg	face18.jpg	12	261	327	face21.jpg	face26.jpg	1	1681.12994730473	1
17	2	obj10.jpg	1	96	face05.jpg	face24.jpg	12	287	328	face19.jpg	face16.jpg	4	1524.4734287262	1
17	9	obj13.jpg	9	288	face19.jpg	face13.jpg	12	291	329	face14.jpg	face28.jpg	3	1417.83577762544	1
17	13	obj05.jpg	13	24	face11.jpg	face09.jpg	12	300	330	face01.jpg	face12.jpg	3	1864.75995182991	1
17	6	obj11.jpg	6	216	face16.jpg	face22.jpg	12	315	331	face12.jpg	face27.jpg	2	2421.57842032611	1
17	13	obj05.jpg	14	48	face09.jpg	face11.jpg	12	319	332	face08.jpg	face01.jpg	4	1452.12734490633	1
17	8	obj14.jpg	8	264	face01.jpg	face28.jpg	12	339	333	face24.jpg	face11.jpg	2	1258.19927453995	1
17	1	obj09.jpg	1	96	face06.jpg	face08.jpg	12	365	334	face11.jpg	face10.jpg	2	1169.08285394311	1
17	10	obj07.jpg	10	312	face25.jpg	face02.jpg	12	369	335	face22.jpg	face17.jpg	4	1539.39986601472	1
17	11	obj06.jpg	12	360	face07.jpg	face10.jpg	12	386	336	face28.jpg	face23.jpg	3	2158.17040391266	1
17	14	obj02.jpg	13	24	face04.jpg	face17.jpg	13	3	337	face12.jpg	face24.jpg	2	1461.90984919667	1
17	3	obj04.jpg	4	168	face15.jpg	face21.jpg	13	34	338	face14.jpg	face26.jpg	3	1659.1756567359	1
17	9	obj13.jpg	10	312	face13.jpg	face19.jpg	13	48	339	face22.jpg	face20.jpg	3	1314.45310637355	1
17	12	obj01.jpg	11	336	face23.jpg	face03.jpg	13	88	340	face21.jpg	face13.jpg	4	2109.13622379303	1
17	4	obj12.jpg	3	144	face18.jpg	face20.jpg	13	98	341	face10.jpg	face25.jpg	4	2240.89128151536	1
17	5	obj03.jpg	5	192	face27.jpg	face14.jpg	13	100	342	face04.jpg	face05.jpg	2	1383.98571498692	1
17	14	obj02.jpg	14	48	face17.jpg	face04.jpg	13	105	343	face18.jpg	face21.jpg	4	1632.2564072907	1
17	7	obj08.jpg	8	264	face12.jpg	face26.jpg	13	113	344	face25.jpg	face11.jpg	3	1631.59861974418	1
17	7	obj08.jpg	7	240	face26.jpg	face12.jpg	13	137	345	face27.jpg	face16.jpg	3	1862.23540455103	1
17	13	obj05.jpg	13	24	face11.jpg	face09.jpg	13	157	346	face02.jpg	face18.jpg	3	1700.8226364851	1
17	1	obj09.jpg	1	96	face06.jpg	face08.jpg	13	158	347	face19.jpg	face15.jpg	1	1223.38030673563	1
17	8	obj14.jpg	8	264	face01.jpg	face28.jpg	13	161	348	face11.jpg	face12.jpg	2	1983.77620056272	1
17	2	obj10.jpg	2	120	face24.jpg	face05.jpg	13	175	349	face16.jpg	face19.jpg	3	1839.91396799684	1
17	9	obj13.jpg	9	288	face19.jpg	face13.jpg	13	180	350	face03.jpg	face09.jpg	1	1015.74829779565	1
17	11	obj06.jpg	12	360	face07.jpg	face10.jpg	13	186	351	face23.jpg	face04.jpg	3	2367.43276193738	1
17	8	obj14.jpg	7	240	face28.jpg	face01.jpg	13	192	352	face26.jpg	face10.jpg	3	1376.99214182794	1
17	11	obj06.jpg	11	336	face10.jpg	face07.jpg	13	198	353	face15.jpg	face14.jpg	4	2153.98518182337	1
17	2	obj10.jpg	1	96	face05.jpg	face24.jpg	13	203	354	face07.jpg	face08.jpg	4	1338.64801004529	1
17	6	obj11.jpg	5	192	face22.jpg	face16.jpg	13	236	355	face20.jpg	face07.jpg	2	1309.8689224571	1
17	5	obj03.jpg	6	216	face14.jpg	face27.jpg	13	242	356	face01.jpg	face03.jpg	3	1755.39783202112	1
17	1	obj09.jpg	2	120	face08.jpg	face06.jpg	13	269	357	face24.jpg	face23.jpg	4	1860.23335531354	1
17	13	obj05.jpg	14	48	face09.jpg	face11.jpg	13	292	358	face06.jpg	face22.jpg	1	1515.23062027991	1
17	6	obj11.jpg	6	216	face16.jpg	face22.jpg	13	304	359	face08.jpg	face28.jpg	3	1605.76138459146	1
17	12	obj01.jpg	12	360	face03.jpg	face23.jpg	13	318	360	face28.jpg	face02.jpg	2	1998.15622158349	1
17	10	obj07.jpg	9	288	face02.jpg	face25.jpg	13	337	361	face05.jpg	face06.jpg	2	1166.39513894916	1
17	4	obj12.jpg	4	168	face20.jpg	face18.jpg	13	352	362	face09.jpg	face17.jpg	3	1872.10215255618	1
17	10	obj07.jpg	10	312	face25.jpg	face02.jpg	13	355	363	face17.jpg	face01.jpg	1	1372.92771600187	1
17	3	obj04.jpg	3	144	face21.jpg	face15.jpg	13	371	364	face13.jpg	face27.jpg	2	1710.96822619438	1
17	3	obj04.jpg	3	144	face21.jpg	face15.jpg	14	13	365	face24.jpg	face19.jpg	4	2495.07898651063	1
17	9	obj13.jpg	9	288	face19.jpg	face13.jpg	14	30	366	face07.jpg	face21.jpg	3	1546.94498330355	1
17	6	obj11.jpg	6	216	face16.jpg	face22.jpg	14	42	367	face19.jpg	face27.jpg	1	1221.59824892879	1
17	1	obj09.jpg	1	96	face06.jpg	face08.jpg	14	47	368	face14.jpg	face23.jpg	4	1717.59345382452	1
17	12	obj01.jpg	11	336	face23.jpg	face03.jpg	14	49	369	face20.jpg	face22.jpg	4	2312.58306093514	1
17	7	obj08.jpg	8	264	face12.jpg	face26.jpg	14	50	370	face13.jpg	face18.jpg	4	2035.89330241084	1
17	5	obj03.jpg	6	216	face14.jpg	face27.jpg	14	63	371	face03.jpg	face12.jpg	2	2409.66337919235	1
17	12	obj01.jpg	12	360	face03.jpg	face23.jpg	14	91	372	face27.jpg	face10.jpg	3	1378.63487936556	1
17	11	obj06.jpg	11	336	face10.jpg	face07.jpg	14	102	373	face16.jpg	face28.jpg	2	1683.4691632539	1
17	2	obj10.jpg	2	120	face24.jpg	face05.jpg	14	130	374	face22.jpg	face15.jpg	4	1720.51680646837	1
17	2	obj10.jpg	1	96	face05.jpg	face24.jpg	14	138	375	face28.jpg	face08.jpg	3	1331.94213546813	1
17	8	obj14.jpg	8	264	face01.jpg	face28.jpg	14	171	376	face02.jpg	face07.jpg	1	2206.8757135421	1
17	14	obj02.jpg	13	24	face04.jpg	face17.jpg	14	184	377	face08.jpg	face24.jpg	2	1270.06525173783	4
17	13	obj05.jpg	13	24	face11.jpg	face09.jpg	14	195	378	face10.jpg	face25.jpg	3	1524.21068400145	1
17	4	obj12.jpg	4	168	face20.jpg	face18.jpg	14	211	379	face09.jpg	face04.jpg	4	2023.91308359802	1
17	13	obj05.jpg	14	48	face09.jpg	face11.jpg	14	238	380	face15.jpg	face06.jpg	2	1166.9079195708	1
17	4	obj12.jpg	3	144	face18.jpg	face20.jpg	14	273	381	face01.jpg	face11.jpg	3	1808.46153758466	1
17	3	obj04.jpg	4	168	face15.jpg	face21.jpg	14	278	382	face11.jpg	face26.jpg	4	1624.74584020674	1
17	10	obj07.jpg	9	288	face02.jpg	face25.jpg	14	289	383	face05.jpg	face01.jpg	1	1144.29683983326	1
17	14	obj02.jpg	14	48	face17.jpg	face04.jpg	14	301	384	face26.jpg	face13.jpg	1	1515.90758562088	1
17	11	obj06.jpg	12	360	face07.jpg	face10.jpg	14	305	385	face06.jpg	face20.jpg	4	1870.90718187392	1
17	8	obj14.jpg	7	240	face28.jpg	face01.jpg	14	312	386	face21.jpg	face05.jpg	3	1196.54181413352	1
17	7	obj08.jpg	7	240	face26.jpg	face12.jpg	14	316	387	face17.jpg	face09.jpg	3	1725.43626278639	1
17	9	obj13.jpg	10	312	face13.jpg	face19.jpg	14	317	388	face23.jpg	face02.jpg	1	1344.07837130129	1
17	5	obj03.jpg	5	192	face27.jpg	face14.jpg	14	323	389	face25.jpg	face16.jpg	3	1284.42572057247	1
17	6	obj11.jpg	5	192	face22.jpg	face16.jpg	14	361	390	face12.jpg	face17.jpg	2	1415.97773879766	1
17	1	obj09.jpg	2	120	face08.jpg	face06.jpg	14	373	391	face04.jpg	face03.jpg	1	1393.17273721099	1
17	10	obj07.jpg	10	312	face25.jpg	face02.jpg	14	378	392	face18.jpg	face14.jpg	3	1785.81319004297	1
